Sample,Treatment,Tissue
EFR22.031,control,liver
EFR22.032,control,gill
EFR22.033,control,liver
EFR22.034,control,gill
EFR22.035,control,liver
EFR22.036,control,gill
EFR22.037,control,liver
EFR22.038,ethanol,gill
EFR22.039,ethanol,liver
EFR22.040,ethanol,gill
EFR22.041,ethanol,liver
EFR22.042,ADT.OH,gill
EFR22.043,ADT.OH,liver
EFR22.044,ADT.OH,gill
EFR22.045,ADT.OH,liver
EFR22.046,AP39.max,gill
EFR22.047,control,liver
EFR22.048,control,gill
EFR22.049,control,liver
EFR22.050,control,gill
EFR22.051,control,liver
EFR22.052,control,gill
EFR22.053,control,liver
EFR22.054,control,gill
EFR22.055,control,liver
EFR22.056,PBS,gill
EFR22.057,PBS,liver
EFR22.058,PBS,gill
EFR22.059,PBS,liver
EFR22.060,PBS,gill
EFR22.061,PBS,liver
EFR22.062,PBS,gill
EFR22.063,PBS,liver
EFR22.064,AP39.half,gill
EFR22.065,AP39.half,liver
EFR22.066,AP39.half,gill
EFR22.067,AP39.half,liver
EFR22.068,AP39.half,gill
EFR22.069,AP39.half,liver
EFR22.070,AP39.half,gill
EFR22.071,AP39.half,liver
EFR22.072,control,gill
EFR22.073,control,liver
EFR22.074,control,gill
EFR22.075,control,liver
EFR22.076,control,gill
EFR22.077,control,liver
EFR22.078,control,gill
EFR22.079,control,liver
EFR22.080,PBS,gill
EFR22.081,PBS,liver
EFR22.082,PBS,gill
EFR22.083,PBS,liver
EFR22.084,PBS,gill
EFR22.085,PBS,liver
EFR22.086,PBS,gill
EFR22.087,PBS,liver
EFR22.088,AP39.half,gill
EFR22.089,AP39.half,liver
EFR22.090,AP39.half,gill
EFR22.091,AP39.half,liver
EFR22.092,AP39.half,gill
EFR22.093,AP39.half,liver
EFR22.094,AP39.half,gill
EFR22.095,AP39.half,liver
EFR22.096,AP39.half,gill
EFR22.097,AP39.half,liver
EFR22.098,AP39.half,gill
EFR22.099,AP39.half,liver
EFR22.1,control,gill
EFR22.100,AP39.half,gill
EFR22.101,AP39.half,liver
EFR22.102,AP39.half,gill
EFR22.103,AP39.half,liver
EFR22.104,AP39.half,gill
EFR22.105,AP39.half,liver
EFR22.106,AP39.half,gill
EFR22.107,AP39.half,liver
EFR22.111,AP39.full,liver
EFR22.112,control,gill
EFR22.113,control,liver
EFR22.114,control,gill
EFR22.115,control,liver
EFR22.116,control,gill
EFR22.117,control,liver
EFR22.118,control,gill
EFR22.119,control,liver
EFR22.120,PBS,gill
EFR22.121,PBS,liver
EFR22.122,PBS,gill
EFR22.123,PBS,liver
EFR22.124,PBS,gill
EFR22.125,PBS,liver
EFR22.126,PBS,gill
EFR22.127,PBS,liver
EFR22.128,AP39.full,gill
EFR22.129,AP39.full,liver
EFR22.130,AP39.full,gill
EFR22.131,AP39.full,liver
EFR22.132,AP39.full,gill
EFR22.133,AP39.full,liver
EFR22.134,AP39.full,gill
EFR22.136,AP39.full,gill
EFR22.137,AP39.full,liver
EFR22.138,AP39.full,gill
EFR22.139,AP39.full,liver
EFR22.140,AP39.full,gill
EFR22.141,AP39.full,liver
EFR22.142,AP39.full,gill
EFR22.143,AP39.full,liver
EFR22.144,control,gill
EFR22.145,control,liver
EFR22.146,control,gill
EFR22.147,control,liver
EFR22.148,control,gill
EFR22.149,control,liver
EFR22.150,control,gill
EFR22.151,control,liver
EFR22.152,PBS,gill
EFR22.153,PBS,liver
EFR22.154,PBS,gill
EFR22.155,PBS,liver
EFR22.156,PBS,gill
EFR22.157,PBS,liver
EFR22.158,PBS,gill
EFR22.159,PBS,liver
EFR22.160,AP39.full,gill
EFR22.161,AP39.full,liver
EFR22.162,AP39.full,gill
EFR22.163,AP39.full,liver
EFR22.164,AP39.full,gill
EFR22.165,AP39.full,liver
EFR22.166,AP39.full,gill
EFR22.167,AP39.full,liver
EFR22.168,AP39.full,gill
EFR22.169,AP39.full,liver
EFR22.170,AP39.full,gill
EFR22.171,AP39.full,liver
EFR22.172,AP39.half,gill
EFR22.173,AP39.half,liver
EFR22.174,AP39.half,gill
EFR22.175,AP39.half,liver
EFR22.176,control,gill
EFR22.177,control,liver
EFR22.178,control,gill
EFR22.179,control,liver
EFR22.180,control,gill
EFR22.181,control,liver
EFR22.182,control,gill
EFR22.183,control,liver
EFR22.184,PBS,gill
EFR22.185,PBS,liver
EFR22.186,PBS,gill
EFR22.187,PBS,liver
EFR22.188,PBS,gill
EFR22.189,PBS,liver
EFR22.190,PBS,gill
EFR22.191,PBS,liver
EFR22.192,AP39.full,gill
EFR22.193,AP39.full,liver
EFR22.194,AP39.full,gill
EFR22.195,AP39.full,liver
EFR22.196,AP39.full,gill
EFR22.197,AP39.full,liver
EFR22.198,AP39.full,gill
EFR22.199,AP39.full,liver
EFR22.200,AP39.half,gill
EFR22.201,AP39.half,liver
EFR22.202,AP39.half,gill
EFR22.203,AP39.half,liver
EFR22.204,AP39.half,gill
EFR22.205,AP39.half,liver
EFR22.206,AP39.half,gill
EFR22.207,AP39.half,liver